"DESCRIPTION","DURATION IN MS","NAME","PARENT SUITE","START TIME","STATUS","STOP TIME","SUB SUITE","SUITE","TEST CLASS","TEST METHOD"
"","1002","testing2","","Thu Sep 25 18:22:39 GMT-03:00 2025","passed","Thu Sep 25 18:22:40 GMT-03:00 2025","","TesteSuit","",""
"","797","testing4","","Thu Sep 25 18:22:41 GMT-03:00 2025","passed","Thu Sep 25 18:22:42 GMT-03:00 2025","","TesteSuit","",""
"","924","testing5","","Thu Sep 25 18:22:42 GMT-03:00 2025","passed","Thu Sep 25 18:22:43 GMT-03:00 2025","","TesteSuit","TesteSuit","testing5"
"","830","testing3","","Thu Sep 25 18:22:40 GMT-03:00 2025","passed","Thu Sep 25 18:22:41 GMT-03:00 2025","","TesteSuit","",""
"","1348","testing2","","Thu Sep 25 18:22:39 GMT-03:00 2025","passed","Thu Sep 25 18:22:40 GMT-03:00 2025","","TesteSuit","TesteSuit","testing2"
"","2678","testing1","","Thu Sep 25 18:22:36 GMT-03:00 2025","passed","Thu Sep 25 18:22:39 GMT-03:00 2025","","TesteSuit","TesteSuit","testing1"
"","2637","testing1","","Thu Sep 25 18:22:36 GMT-03:00 2025","passed","Thu Sep 25 18:22:39 GMT-03:00 2025","","TesteSuit","",""
"","868","testing3","","Thu Sep 25 18:22:40 GMT-03:00 2025","passed","Thu Sep 25 18:22:41 GMT-03:00 2025","","TesteSuit","TesteSuit","testing3"
"","871","testing5","","Thu Sep 25 18:22:42 GMT-03:00 2025","passed","Thu Sep 25 18:22:43 GMT-03:00 2025","","TesteSuit","",""
"","834","testing4","","Thu Sep 25 18:22:41 GMT-03:00 2025","passed","Thu Sep 25 18:22:42 GMT-03:00 2025","","TesteSuit","TesteSuit","testing4"
